{"min_length": 239.290744722797, "max_length": 1884.52283510062, "radius_by_length": 2090.335242478452, "diameter_by_length": 3489.524487669082, "center_by_length": ["BeloHorizonte"], "periphery_by_length": ["PortoAlegre", "Fortaleza"], "eccentricity_by_length": {"PortoAlegre": 3489.524487669082, "Florianopolis": 3076.707818366016, "SaoPaulo": 2540.529451176343, "RioDeJaneiro": 2179.321857085925, "Salvador": 2530.0510000154773, "Curitiba": 2837.417073643219, "BeloHorizonte": 2090.335242478452, "Brasilia": 2702.349832434448, "Recife": 3105.7388510763044, "Fortaleza": 3489.524487669082}}